insert into CUSTOMER (Customer_ID, Name, Email, Contact_No, Reg_Date, Address) values (1,  'Karan Baboota', 'karanbaboota@gmail.com', '7291070242', '2021-05-11', 'Amar Colony');
insert into CUSTOMER (Customer_ID, Name, Email, Contact_No, Reg_Date, Address) values (2,  'Florie Giordano', 'fgiordano1@elegantthemes.com', '637-452-1702', '2021-05-11', '6182 Morningstar Way');
insert into CUSTOMER (Customer_ID, Name, Email, Contact_No, Reg_Date, Address) values (3,  'Gilly Sumption', 'gsumption2@bbc.co.uk', '545-132-2618', '2022-02-24', '3 Moulton Road');
insert into CUSTOMER (Customer_ID, Name, Email, Contact_No, Reg_Date, Address) values (4,  'Godfry Peppett', 'gpeppett3@bing.com', '295-885-6109', '2021-08-06', '31 Montana Parkway');
insert into CUSTOMER (Customer_ID, Name, Email, Contact_No, Reg_Date, Address) values (5,  'Josh Ribbens', 'jribbens4@ftc.gov', '696-534-6271', '2021-10-19', '8307 Columbus Avenue');
insert into CUSTOMER (Customer_ID, Name, Email, Contact_No, Reg_Date, Address) values (6,  'Roi Carmo', 'rcarmo5@wunderground.com', '464-359-6503', '2021-04-03', '89639 Iowa Road');
insert into CUSTOMER (Customer_ID, Name, Email, Contact_No, Reg_Date, Address) values (7,  'Red Lutas', 'rlutas6@ihg.com', '138-570-4639', '2022-01-11', '8626 Fairfield Pass');
insert into CUSTOMER (Customer_ID, Name, Email, Contact_No, Reg_Date, Address) values (8,  'Delcina Bluschke', 'dbluschke7@istockphoto.com', '605-933-8785', '2021-08-22', '2435 Fuller Parkway');
insert into CUSTOMER (Customer_ID, Name, Email, Contact_No, Reg_Date, Address) values (9,  'Yancy Sweynson', 'ysweynson8@hexun.com', '863-260-8965', '2021-08-01', '32 Karstens Point');
insert into CUSTOMER (Customer_ID, Name, Email, Contact_No, Reg_Date, Address) values (10,  'Alberta Dimic', 'adimic9@macromedia.com', '198-883-7075', '2021-04-16', '6 Forest Place');

insert into CATEGORIES (Category_ID, Category_Name) values (1, 'Laptops');
insert into CATEGORIES (Category_ID, Category_Name) values (2, 'Washing Machine');
insert into CATEGORIES (Category_ID, Category_Name) values (3, 'Cycle');
insert into CATEGORIES (Category_ID, Category_Name) values (4, 'Shirts');
insert into CATEGORIES (Category_ID, Category_Name) values (5, 'Kurtas');
insert into CATEGORIES (Category_ID, Category_Name) values (6, 'Shoes');
insert into CATEGORIES (Category_ID, Category_Name) values (7, 'Trousers');
insert into CATEGORIES (Category_ID, Category_Name) values (8, 'Headphones');
insert into CATEGORIES (Category_ID, Category_Name) values (9, 'Mobiles');
insert into CATEGORIES (Category_ID, Category_Name) values (10, 'Refrigerator');

insert into Seller (Seller_ID, Name, Location, Contact_No ,Email_ID) values (1,  'Gerhardt Logie'      ,'1136 East Point'         , '439-650-0863', 'glogiea@globo.com'               );
insert into Seller (Seller_ID, Name, Location, Contact_No ,Email_ID) values (2,  'Diandra Girogetti'   , '33 Linden Pass'         , '306-219-1941', 'dgirogettib@constantcontact.com' );
insert into Seller (Seller_ID, Name, Location, Contact_No ,Email_ID) values (3,  'Concordia Jennings'  ,'4 Mayfield Parkway'      , '500-607-0548', 'cjenningsc@timesonline.co.uk'    );
insert into Seller (Seller_ID, Name, Location, Contact_No ,Email_ID) values (4,  'Darice Borthe'       , '131 Vermont Hill'       , '622-483-7736', 'dborthed@sakura.ne.jp'           );
insert into Seller (Seller_ID, Name, Location, Contact_No ,Email_ID) values (5,  'Jarrett Brewse'      , '61 Kennedy Center'      , '376-687-9181', 'jbrewsee@eepurl.com'             );
insert into Seller (Seller_ID, Name, Location, Contact_No ,Email_ID) values (6,  'Tanya Quartley'      , '29318 Kingsford Hill'   , '816-206-2782', 'tquartleyf@guardian.co.uk'       );
insert into Seller (Seller_ID, Name, Location, Contact_No ,Email_ID) values (7,  'Hank Goodright'      , '212 Burning Wood Pass'  , '963-350-6857', 'hgoodrightg@dot.gov'             );
insert into Seller (Seller_ID, Name, Location, Contact_No ,Email_ID) values (8,  'Christan Leech'      , '453 Vidon Junction'     , '120-370-7912', 'cleechh@desdev.cn'               );
insert into Seller (Seller_ID, Name, Location, Contact_No ,Email_ID) values (9,  'Nadine Janisson'     , '32877 Walton Place'     , '475-486-7497', 'njanissoni@odnoklassniki.ru'     );
insert into Seller (Seller_ID, Name, Location, Contact_No ,Email_ID) values (10,  'Brinn Hurworth'      , '9 Dorton Hill'          , '484-894-0621', 'bhurworthj@seesaa.net'           );

insert into PRODUCTS (Product_ID, Category_ID, Name, Price, Quantity_Available, Seller_ID, Days_to_Arrive, Description, ImageSource) values (1, 1, 'External Supplier', 6721.89, 37, 1, 3, '','../static/images/Carousel1.jpg');
insert into PRODUCTS (Product_ID, Category_ID, Name, Price, Quantity_Available, Seller_ID, Days_to_Arrive, Description, ImageSource) values (2, 6, 'Bread - Corn Muffaletta', 6125.82, 65, 2, 8, '','../static/images/Carousel2.jpg');
insert into PRODUCTS (Product_ID, Category_ID, Name, Price, Quantity_Available, Seller_ID, Days_to_Arrive, Description, ImageSource) values (3, 10, 'Chicken Breast Halal', 6999.88, 93, 5, 10, '','../static/images/Carousel3.jpg');
insert into PRODUCTS (Product_ID, Category_ID, Name, Price, Quantity_Available, Seller_ID, Days_to_Arrive, Description, ImageSource) values (4, 9, 'Dc Hikiage Hira Huba', 3786.98, 91, 3, 1, '','../static/images/Carousel4.jpg');
insert into PRODUCTS (Product_ID, Category_ID, Name, Price, Quantity_Available, Seller_ID, Days_to_Arrive, Description, ImageSource) values (5, 2, 'Chef Hat 25cm', 5390.37, 16, 3, 1, '','../static/images/Carousel5.jpg');
insert into PRODUCTS (Product_ID, Category_ID, Name, Price, Quantity_Available, Seller_ID, Days_to_Arrive, Description, ImageSource) values (6, 7, 'Cheese - Wine', 3568.37, 23, 6, 9, '', '../static/images/Carousel1.jpg');
insert into PRODUCTS (Product_ID, Category_ID, Name, Price, Quantity_Available, Seller_ID, Days_to_Arrive, Description, ImageSource) values (7, 5, 'Sachet', 5139.11, 22, 9, 3, '','../static/images/Carousel2.jpg');
insert into PRODUCTS (Product_ID, Category_ID, Name, Price, Quantity_Available, Seller_ID, Days_to_Arrive, Description, ImageSource) values (8, 2, 'Jam - Marmalade, Orange', 7098.2, 85, 7, 3, '','../static/images/Carousel3.jpg');
insert into PRODUCTS (Product_ID, Category_ID, Name, Price, Quantity_Available, Seller_ID, Days_to_Arrive, Description, ImageSource) values (9, 5, 'Chicken - Whole Fryers', 1320.45, 70, 8, 7, '','../static/images/Carousel4.jpg');
insert into PRODUCTS (Product_ID, Category_ID, Name, Price, Quantity_Available, Seller_ID, Days_to_Arrive, Description, ImageSource) values (10, 10, 'Wine - Cotes Du Rhone Parallele', 7224.63, 47, 4, 5, '','../static/images/Carousel5.jpg');

insert into REVIEWS (Review_ID, Text, Stars, RCustomerID, Product_ID, TimeStamp) values (1, 'Proin risus.', 3, 3, 1, '2021-03-06 05:56:39');
insert into REVIEWS (Review_ID, Text, Stars, RCustomerID, Product_ID, TimeStamp) values (2, 'Suspendisse ornare consequat lectus.', 2, 7, 5, '2022-02-16 21:22:01');
insert into REVIEWS (Review_ID, Text, Stars, RCustomerID, Product_ID, TimeStamp) values (3, 'Nulla neque libero, convallis eget, eleifend luctus, ultricies eu, nibh.', 2, 9, 3, '2021-06-10 15:06:04');
insert into REVIEWS (Review_ID, Text, Stars, RCustomerID, Product_ID, TimeStamp) values (4, 'Nulla ut erat id mauris vulputate elementum.', 3, 1, 8, '2021-05-18 20:39:34');
insert into REVIEWS (Review_ID, Text, Stars, RCustomerID, Product_ID, TimeStamp) values (5, 'Aliquam non mauris.', 2, 8, 6, '2021-06-01 21:22:06');
insert into REVIEWS (Review_ID, Text, Stars, RCustomerID, Product_ID, TimeStamp) values (6, 'Etiam pretium iaculis justo.', 3, 7, 7, '2021-09-28 14:43:23');
insert into REVIEWS (Review_ID, Text, Stars, RCustomerID, Product_ID, TimeStamp) values (7, 'Praesent blandit.', 5, 6, 2, '2021-07-01 14:14:49');
insert into REVIEWS (Review_ID, Text, Stars, RCustomerID, Product_ID, TimeStamp) values (8, 'Vestibulum rutrum rutrum neque.', 3, 5, 4, '2021-07-10 11:01:29');
insert into REVIEWS (Review_ID, Text, Stars, RCustomerID, Product_ID, TimeStamp) values (9, 'Maecenas tristique, est et tempus semper, est quam pharetra magna, ac consequat metus sapien ut nunc.', 2, 9, 2, '2021-08-15 00:32:16');
insert into REVIEWS (Review_ID, Text, Stars, RCustomerID, Product_ID, TimeStamp) values (10, 'Donec quis orci eget orci vehicula condimentum.', 5, 4, 3, '2022-02-09 05:05:35');
insert into REVIEWS (Review_ID, Text, Stars, RCustomerID, Product_ID, TimeStamp) values (11, 'Maecenas tincidunt lacus at velit.', 3, 5, 9, '2021-10-11 17:33:27');
insert into REVIEWS (Review_ID, Text, Stars, RCustomerID, Product_ID, TimeStamp) values (12, 'Duis aliquam convallis nunc.', 2, 6, 3, '2021-09-04 13:44:41');
insert into REVIEWS (Review_ID, Text, Stars, RCustomerID, Product_ID, TimeStamp) values (13, 'Nulla neque libero, convallis eget, eleifend luctus, ultricies eu, nibh.', 5, 7, 9, '2021-08-28 22:38:23');
insert into REVIEWS (Review_ID, Text, Stars, RCustomerID, Product_ID, TimeStamp) values (14, 'Duis consequat dui nec nisi volutpat eleifend.', 4, 1, 3, '2021-08-15 06:17:40');
insert into REVIEWS (Review_ID, Text, Stars, RCustomerID, Product_ID, TimeStamp) values (15, 'Vivamus in felis eu sapien cursus vestibulum.', 1, 7, 9, '2021-03-07 08:19:17');
insert into REVIEWS (Review_ID, Text, Stars, RCustomerID, Product_ID, TimeStamp) values (16, 'Curabitur at ipsum ac tellus semper interdum.', 1, 6, 2, '2021-09-27 07:28:13');
insert into REVIEWS (Review_ID, Text, Stars, RCustomerID, Product_ID, TimeStamp) values (17, 'Fusce congue, diam id ornare imperdiet, sapien urna pretium nisl, ut volutpat sapien arcu sed augue.', 5, 5, 3, '2021-02-26 08:31:51');
insert into REVIEWS (Review_ID, Text, Stars, RCustomerID, Product_ID, TimeStamp) values (18, 'Ut tellus.', 4, 8, 7, '2021-10-07 16:39:19');
insert into REVIEWS (Review_ID, Text, Stars, RCustomerID, Product_ID, TimeStamp) values (19, 'Suspendisse potenti.', 4, 7, 1, '2021-07-29 16:10:01');
insert into REVIEWS (Review_ID, Text, Stars, RCustomerID, Product_ID, TimeStamp) values (20, 'Maecenas tincidunt lacus at velit.', 3, 10, 5, '2021-07-17 08:44:27');

delete from cart where Cart_ID=1 or Cart_ID=2 or Cart_ID=3;
insert into CART (Cart_ID, CCustomerID, Product_ID, Quantity_Ordered) values (1, 1, 1, 1);
insert into CART (Cart_ID, CCustomerID, Product_ID, Quantity_Ordered) values (1, 1, 2, 2);
insert into CART (Cart_ID, CCustomerID, Product_ID, Quantity_Ordered) values (1, 1, 3, 1);
insert into CART (Cart_ID, CCustomerID, Product_ID, Quantity_Ordered) values (1, 2, 2, 3);
insert into CART (Cart_ID, CCustomerID, Product_ID, Quantity_Ordered) values (1, 2, 1, 5);
insert into CART (Cart_ID, CCustomerID, Product_ID, Quantity_Ordered) values (2, 1, 5, 4);
insert into CART (Cart_ID, CCustomerID, Product_ID, Quantity_Ordered) values (1, 3, 1, 3);
insert into CART (Cart_ID, CCustomerID, Product_ID, Quantity_Ordered) values (1, 3, 9, 2);
insert into CART (Cart_ID, CCustomerID, Product_ID, Quantity_Ordered) values (2, 2, 5, 1);
insert into CART (Cart_ID, CCustomerID, Product_ID, Quantity_Ordered) values (2, 2, 7, 2);
insert into CART (Cart_ID, CCustomerID, Product_ID, Quantity_Ordered) values (3, 1, 6, 2);

insert into LoginDetails(Username, Password, Type, id) values ('karanbaboota', 'pwd', 'customer', 1);